Instagram User ID,Last Updated Post Time,Last Updated Comment Time,platform_name
pradeep_626,2024-11-14 10:15:47,2024-11-12 07:21:33,instagram
kushwant_kv,2024-11-12 05:31:40,2024-11-13 05:07:30,instagram
ranjan_p,2024-11-14 07:18:21,2024-11-10 18:25:16,instagram
user_6342,2024-11-12 14:14:53,2024-11-12 16:45:22,instagram
user_9096,2024-11-14 15:47:17,2024-11-14 20:53:04,instagram
user_3299,2024-11-11 10:06:54,2024-11-10 12:23:41,instagram
user_2487,2024-11-12 19:06:04,2024-11-10 07:36:30,instagram
user_5365,2024-11-11 18:32:50,2024-11-14 15:42:20,instagram
user_7753,2024-11-12 15:43:30,2024-11-11 14:28:13,instagram
user_3187,2024-11-10 17:15:31,2024-11-14 14:41:15,instagram
user_6811,2024-11-11 07:39:40,2024-11-12 19:17:14,instagram
user_7245,2024-11-12 04:23:50,2024-11-12 21:02:32,instagram
user_5034,2024-11-14 12:16:36,2024-11-12 17:18:58,instagram
user_9089,2024-11-13 03:52:05,2024-11-14 22:29:39,instagram
user_6530,2024-11-10 01:12:55,2024-11-12 16:58:29,instagram
user_1914,2024-11-10 04:18:52,2024-11-14 15:27:14,instagram
user_6175,2024-11-12 02:30:48,2024-11-11 14:27:19,instagram
user_1408,2024-11-10 10:06:59,2024-11-10 11:10:36,instagram
user_6896,2024-11-11 12:32:26,2024-11-11 01:06:02,instagram
user_4111,2024-11-14 09:32:02,2024-11-13 12:09:50,instagram
user_4189,2024-11-13 20:20:26,2024-11-13 12:08:37,instagram
user_9146,2024-11-14 12:45:17,2024-11-13 17:58:16,instagram
user_9994,2024-11-12 16:44:40,2024-11-14 17:09:14,instagram
user_2651,2024-11-10 16:15:51,2024-11-10 02:01:35,instagram
user_1633,2024-11-14 17:01:35,2024-11-13 14:25:24,instagram
user_8190,2024-11-14 03:13:44,2024-11-14 13:22:41,instagram
user_8370,2024-11-11 21:01:51,2024-11-10 09:44:18,instagram
user_7901,2024-11-12 17:10:53,2024-11-14 22:44:07,instagram
user_8438,2024-11-11 21:34:24,2024-11-13 22:10:58,instagram
user_5660,2024-11-14 02:44:11,2024-11-13 01:58:30,instagram
user_2161,2024-11-14 22:58:04,2024-11-12 07:51:12,instagram
user_4707,2024-11-13 17:43:25,2024-11-13 03:51:23,instagram
user_1280,2024-11-13 02:06:04,2024-11-12 09:10:37,instagram
user_1130,2024-11-13 23:39:03,2024-11-12 20:32:44,instagram
user_9938,2024-11-13 17:22:05,2024-11-10 04:46:21,instagram
user_9832,2024-11-11 09:56:19,2024-11-13 15:06:04,instagram
user_3029,2024-11-10 19:02:51,2024-11-13 10:14:36,instagram
user_8484,2024-11-13 16:18:31,2024-11-12 17:32:15,instagram
user_7967,2024-11-14 13:18:06,2024-11-11 19:59:53,instagram
user_1879,2024-11-12 20:23:00,2024-11-12 23:32:03,instagram
user_4172,2024-11-10 03:09:00,2024-11-10 08:33:48,instagram
user_6061,2024-11-10 20:53:08,2024-11-10 01:13:09,instagram
user_8124,2024-11-10 05:31:35,2024-11-12 06:50:48,instagram
user_1911,2024-11-11 17:33:03,2024-11-10 13:36:40,instagram
user_9404,2024-11-13 06:57:36,2024-11-10 16:50:52,instagram
user_9370,2024-11-12 17:18:34,2024-11-13 23:58:47,instagram
user_4663,2024-11-11 05:32:42,2024-11-10 09:10:25,instagram
user_4493,2024-11-13 05:38:11,2024-11-11 16:10:03,instagram
user_7444,2024-11-12 11:25:12,2024-11-14 19:12:36,instagram
user_7561,2024-11-14 12:04:16,2024-11-10 11:10:44,instagram
